text,retweet,likes,target
ancora caso maltrattamenti uomo chiaromonte pz √® stato arrestato aver aggredito ex convivente,1,0,1
false denunce non esistono donna denuncia va sempre creduta motivo avrebbe mentire üòä falsedenunc,8,0,2
senso responsabilit√† e sua visione possano essere esempio tutte e tutti buon lavoro presiden,13,0,2
quando legge non funziona violenzasulledonne codicerosso,0,0,1
diavolo ha fatto rimanere sul posto lavoro precedenti denunce carico e l autista dell ambulanza non pervenuto violenzasulledonne nonunadimeno febbraio,0,1,0
senso responsabilit√† e sua visione possano essere esempio tutte e tutti buon lavoro presiden,13,0,2
febbraio giornata mondiale contro violenzasulledonne nonunadimeno,0,0,0
bello video violenciacontramulher violenzasulledonne,0,1,2
senso responsabilit√† e sua visione possano essere esempio tutte e tutti buon lavoro presidente mattarella mattarellabis violenzasulledonne s,13,23,2
impedire violenzasulledonne piaga profonda va contrastata forza mattarellabis giuramento,1,0,1
mattarella dignit√† √® impedire violenzasulledonne piaga profonda e inaccettabile deve essere sanata l educ,1,0,1
impedire violenzasulledonne piaga profonda va contrastata forza mattarellabis giuramento,1,3,1
mattarella dignit√† √® impedire violenzasulledonne piaga profonda e inaccettabile deve essere sanata l educazione e l esempio quirinale giuramento,1,7,1
presidente mattarella ricorda lorenzoparelli morto fabbrica durante progetto scuola lavoro e richiama l attenzione contro antisemitismo e aggressioni alle minoranze e violenzasulledonne praticamente pi√π applauso al minuto tenete conto colleghi,0,1,1
tutti campo contro violenza sulle donne occasione della giornata contro violenza sulle donne uisp chia,1,0,1
avrebbe abusato dentro ambulanza studentessa universitaria approfittando della fatto ragazza si era sentita male aver bari violenzasessuale violenzasulledonne s t co clfgwqnxfm,0,0,0
solo memo e antidoto propaganda violenzasulledonne italia √® fenomeno gonfiato motivi business,5,0,1
cambiamocultura potete leggere l intervista all artista eli b stilista designer e firma della collezione ha sfilato budapest fashion novembre occasione della giornata contro violenzasulledonne,0,0,0
femminicidi inizio anno incremento dell rispetto al ognuno deve sentirne peso sulle spal,344,0,1
chi ha paura del linguaggio si pu√≤ parlare tutto anche bambini basta sapere scegliere parole giuste violenzasulledonne,0,0,1
mi piace pensare questa danza petali rossi sia grido forte e potente tutte quelle donne violentate e uccise,630,0,2
bambini sottratti crimini invisibili stolen children invisible crimes report by luisa betti dakli sott en campagna contro violenza maschile sulle donne crimininvisibili donnexdiritti violenzasulledonne bambini febbraio,0,1,1
oggi febbraio sono donne vittime violenza vogliamo smettere contare uilca uil mobbing e stalking contro ogni forma violenza genere privi donne libert√† dignit√† e futuro femminicidio violenzasulledonne,0,4,1
febbraio giornata mondiale contro violenzasulledonne nonunadimeno ancora altro giorno,0,0,0
siamo oltre violenzasulledonne spftez,0,0,1
slfg assurdit√† se non reagisci secondi non √© violenza abusi donne violenzasulledonne,0,1,1
donne ferite devono sentirsi al sicuro e protette subito se fanno primo passo secondo dobbiamo farlo,48,0,1
violenzasulledonne anche questa non vi siete smentiti schifo dimenticate svelta esser stati dati luce donna come massacrate raptus gelosia ü§ó,0,1,2
gennaio giornata mondiale contro violenzasulledonne nonunadimeno,0,0,0
enne √® stato arrestato dai carabinieri catania ordine del gip del tribunale della citt√† etnea catania violenzasessuale violenzasulledonne s t co nlppxqvkd,0,0,1
violenzasulledonne zelig buon spettacolo tutti stasera,27,0,2
quando si smetter√† cercare mille stupide scuse colpevolizzare vittima punire vero colpevole violenzasulledonne nonunadimeno s t co vofsqaorh,0,1,0
se avesse rubato portafoglio sarebbe stato valutato solo furto non reazione della derubata ma tribunale trenta secondi reagire sarebbero troppi molestia hostess violenzasulledonne,12,18,1
gennaio giornata mondiale contro violenzasulledonne nonunadimeno,0,0,0
occasione della giornata sulla violenza contro donne narratore audiolibri vi propone selezione audiolibr,3,0,1
cari maniaci sessuali e sprezzanti delle donne genere non temete avete sempre grande rete sicurezza nella magistratura italiana racconto √® credibile ma ha reagito tardi cosa sessismogiudiziario molestie violenzasulledonne sh,0,7,1
gennaio cosa significa non essere credute vittimizzazione secondaria nei tribunali sulla del vivere,3,0,2
considerato palpeggiamento della giornalista si deduce mano morta non √® ancora stato fatto funerale,2,0,2
corpo degli uomini e corpo delle donne pacca sul sedere greta beccaglia sullo sfondo della tragedia rav,1,0,1
molestie subite diretta gretabeccaglia giornalista toscana tv sono gesto ignobile attacco alle l,602,0,1
risorse della pseudosinistra combattere patriarcato e violenzadigenere,0,0,1
infiltrato maschilisti siiw via maschilismo feminism femminismo mgtow incel redpill feminist femminista uomo donna uguaglianza violenzadigenere,0,0,1
come uccidere uomo senza spargimento sangue raffinata specialit√† femminile dirittimaschili violenzadigenere,3,0,0
progetto maree cav randi abbiamo organizzato incontri aperti violenzadigenere tratta violenzasuiminori violenzaassistita vittimizzazionesecondaria trauma affrontandone anche aspetti antropologici e legali online iscrizioni mail locandina,0,0,1
violenzadigenere senza filtri osservata uomo ed espressa uomo tre minuti this is manifesto l ultimo cortometraggio ippogrifo produzioni firmato dal regista veronese alberto rizzi sxvgrm,0,0,1
febbraio youtube torvergata cittadinanza attiva e paritaria decostruzione degli stereotipi sociali prevenire e contrastare violenzadigenere ssbpeeit,0,3,1
risorse cui pseudosinistra riempie l italia e l europa decenni femministe radical chic siete azione combattere patriarcato e violenzadigenere,0,0,1
chi sono persone bisessuali e quali rischi hanno quando si nascondono sex amigay comingout msmw depressione abuso stupefacenti violenzadigenere ipv,0,0,0
palazzospada confronto giudice amministrativo e penale tutela preventiva vittime violenzadigenere pres,1,0,1
violenzadigenere e stato presentato pesaro sicurezzavera progetto nazionale prevenzione della violenz,1,0,1
violenzadigenere e stato presentato pesaro sicurezzavera progetto nazionale prevenzione della violenza genere fipe confcommercio e polizia stato scopri pi√π,1,1,1
mescolano l hiphop tradizione musicale rom e l attivismo diritti ragazze e donne nella propria comunit√†,1,0,1
convegno benevento sul tema dall analfabetismo emotivo violenza genere spazio acli unisannio analfabetismoemotivo violenzadigenere donne benevento suobgdum,0,0,2
abruzzo gennaio sabato violenzadigenere segregataincasa botteallacompagna avezzano picchiata e segregata casa arrestato vive struttura protetta s t co kdqmrx,0,0,2
spagna nuove leggi contro violenzadigenere spagna si sta sempre pi√π perfezionando cercare,1,0,2
spagna nuove leggi contro violenzadigenere spagna si sta sempre pi√π perfezionando cercare contrastare violenze genere italia violenze aumentano link all articolo sxxornxuei,1,2,2
non ho parole solo parolacce üò† femminicidio stopviolenzasulledonne,0,0,0
questa cosa va ricordata sempre e non solo oggi nonunadimeno stopviolenzasulledonne,348,0,0
parole hanno peso mandano frantumi sensibilit√† chi ascolta alessandro corbelli riflessionialessandrocorbelli verit√†egiustiziaperirenepalacino bambinavenduta nomafia roma nonunadimeno alessandrocorbelli bastaviolenzasulledonne marzo,0,1,0
conservatori dicono donna lesbica testa rasata sembra uomo nonunadimeno chiede donna lesbica se √® non binaria testa rasata,0,0,2
ancora e ancora nonunadimeno civogliamovive femminicidi,0,0,0
violenza del giorno donna reggioemilia anni l avrebbe bloccata sedile del treno costringendo,4,0,1
buon fine settimana clip alcuni flash mob verit√†egiustiziaperirenepalacino bambinavenduta nomafia roma nonunadimeno alessandrocorbelli bastaviolenzasulledonne marzo lestoriedialessiobelli sisq,0,1,1
violenza del giorno donna reggioemilia anni l avrebbe bloccata sedile del treno costringendola subire carezze e palpeggiamenti intimi anni √® stata soccorsa coetaneo s√¨ √® strutturale donne femminismo nonunadimeno,4,10,1
miele Ô∏è riflessionialessandrocorbelli lestoriedialessiobelli marzo verit√†egiustiziaperirenepalacino bambinave,1,0,1
clip verit e giustizia irene palacino verit√†egiustiziaperirenepalacino bambinavenduta nomafia alessandrocorbelli nonunadimeno roma marzo rome italy,0,0,0
diavolo ha fatto rimanere sul posto lavoro precedenti denunce carico e l autista dell ambulanza non pervenuto violenzasulledonne nonunadimeno febbraio,0,1,0
febbraio giornata mondiale contro violenzasulledonne nonunadimeno,0,0,0
miele Ô∏è riflessionialessandrocorbelli lestoriedialessiobelli marzo verit√†egiustiziaperirenepalacino bambinavenduta nomafia roma nonunadimeno go bastaviolenzasulledonne books,1,1,0
violenza del giorno donna bari sedata e violentata oltre due ore ambulanza paramedico volon,2,0,1
violenza del giorno donna bari sedata e violentata oltre due ore ambulanza paramedico volontario l aveva soccorsa dopo aveva bevuto troppo ad festa arrestato enne s√¨ √® strutturale donne femminismo nonunadimeno,2,4,2
nostra societ√† crollerebbe senza lavoro non pagato delle donne s√¨ persone tutti sessi fanno lavoro non ret,3,0,0
credo uomo non abbia fatto qualcosa senza donna non abbia spinto farla alessandro corbelli verit√†egiustiziaperirenepalacino bambinavenduta nomafia alessandrocorbelli bastaviolenzasulledonne nonunadimeno marzo co,0,0,0
credo uomo non abbia fatto qualcosa senza donna non abbia spinto farla alessandro corbelli verit√†egiustiziaperirenepalacino bambinavenduta nomafia alessandrocorbelli bastaviolenzasulledonne nonunadimeno marzo covid,0,1,0
era solo questione tempo femminicidio nonunadimeno,0,0,0
quando strada dobbiamo ancora fare anche l ultima si alzi e parli favore difendere l uomo circolo canottieri aniene chiuso alle donne silenzio delle atlete pellegrini non cerchiamo pelo nell uovo nonunadimeno,0,1,0
ogni maledettissimo giorno femminicidio nonunadimeno rosa morta strangolata disperazione del pap√† sta,0,0,0
l ennesimo femminicidio nonunadimeno,0,1,0
storiedialessiobelli alessandrocorbelli roma nomafia verit√†egiustiziaperirenepalacino bambinavenduta bastaviolenzasulledonne nonunadimeno,1,0,0
donneafganelibere afghanistan nonunadimeno afganistanwomen talebani odiano sportive storia cicliste afghane scappate italia ssuite,0,0,0
storiedialessiobelli alessandrocorbelli roma nomafia verit√†egiustiziaperirenepalacino bambinavenduta bastaviolenzasulledonne nonunadimeno,0,1,0
ssandro corbelli lestoriedialessiobelli alessandrocorbelli roma nomafia verit√†egiustiziaperirenepalacino bambinavenduta bastaviolenzasulledonne nonunadimeno,0,0,0
febbraio giornata mondiale contro violenzasulledonne nonunadimeno ancora altro giorno,0,0,0
Ô∏ègustose pietanze mare al mare non c √® nulla pi√π bello quando ti spalmi crema s alessandro corbelli lestoriedialessiobelli alessandrocorbelli roma verit√†egiustiziaperirenepalacino bambinavenduta bastaviolenzasulledonne nonunadimeno books racconti,0,1,1
stasera siamo al cinema mexico maria arena proiezione del documentario terribile inganno nonunadimeno,0,4,0
avete ordinato bruciamo paura manifesto femminista de dentro ci sono mie foto scattate cile ma soprattutto √® libro favoloso nonunadimeno chile lastesis femminismo libri books capovolte book libro elvioladorerestu,0,2,0
come dimenticare gender sardine nonunadimeno senza cannabis l eutanasia metoo del politicamentecorretto lgbt alle prossime elezioni,0,0,0
gennaio giornata mondiale contro violenzasulledonne nonunadimeno,0,0,0
quando si smetter√† cercare mille stupide scuse colpevolizzare vittima punire vero colpevole violenzasulledonne nonunadimeno s t co vofsqaorh,0,1,0
questa cosa va ricordata sempre e non solo oggi nonunadimeno stopviolenzasulledonne,348,0,0
gennaio giornata mondiale contro violenzasulledonne nonunadimeno,0,0,0
uruguay nonunadimeno migliaia donne piazza contro cultura stupro,0,0,0
ricordiamodomani febbraio nasceva beatrice cenci eroica nobildonna romana fu giustiziata anni aver ucciso padre sottoponeva violenze ed abusi sessuali diventata simbolo contro violenza sulle donne,5,4,1
nello spot televivo celebra l arrivo del papafrancesco fazio mostrate anche immagini bergoglio prende schiaffi mano della cinese serie no violenza sulle donne,0,0,1
contro violenza sulle donne ma quanti schiaffi ti tirerei svegliarti po,0,0,1
oggi √® giornata internazionale l eliminazione della violenza contro donne e vi ricordo numero antiviole,368,0,1
oggi √® giornata internazionale l eliminazione della violenza contro donne e vi ricordo numero antiviole,368,0,1
ragazzi del telese visita all emeroteca valentino custodisce nostra memoria e al comune ischia parlare,1,0,1
giorno sono tutti antirazzisti giorno sono contro violenza sulle donne giorno scrivono messaggi conforto chi ha tumore giorno condannano l odio sul web altro giorno si dedicano alle battute meschine cosa riesce meglio agli imbecilli,0,1,0
ragazzi del telese visita all emeroteca valentino custodisce nostra memoria e al comune ischia parlare pari opportunit√† e violenza sulle donne presidio libera ischia e procida sxuxmfyd,1,3,1
anno senza angela romanin delle voci pi√π autorevoli nella lotta contro violenza sulle donne,1,0,1
questa vergogna incitando disumana disonesta non sarebbe stata permessa al piano piano si e reso normale quanto normale non e bullismo violenza sulle donne anziani generale disabili animali ecc ecc o valori giovani si ubriacano stare maleüò≠,0,0,0
canzone parla violenza sulle donne nonostante popolo imbecilli non se n √® reso conto,0,3,1
anno senza angela romanin delle voci pi√π autorevoli nella lotta contro violenza sulle donne s t co syhcwekx,1,1,1
violenza sulle donne segreti e bugie,0,0,1
torno ribadirlo italia gente come nandez e portanova gioca tranquillamente calcio paesi come regno unito e,1,0,1
torno ribadirlo italia gente come nandez e portanova gioca tranquillamente calcio paesi come regno unito e brasile chi √® accusato violenza sulle donne viene sospeso o lasciato senza contratto vediamo svegliarci,1,3,0
pubblicato l avviso finanziamento iniziative informazione e sensibilizzazione rivolti prevenzione del,36,0,1
pandemia e isolamento forzato aumentate violenze sulle donne nel barese hanno vissuto nella paura s t co xdopcepi,0,0,1
mattarella dignit√† √® impedire violenza sulle donne profonda inaccettabile piaga deve essere contrastata vigor,390,0,1
vengano assegnate ad associazioni contro violenza sulle donne,1,0,1
comunque vorrei dire loredana √® delle poche artiste si spende sempre violenza sulle donne‚ù§Ô∏è sanremo,1,4,1
pubblicato l avviso finanziamento iniziative informazione e sensibilizzazione rivolti prevenzione del,36,0,1
mattarella dignit√† √® impedire violenza sulle donne profonda inaccettabile piaga deve essere contrastata vigor,390,0,1
pubblicato l avviso finanziamento iniziative informazione e sensibilizzazione rivolti prevenzione della violenza maschile contro donne,0,2,1
italia violenze domestiche sono aumentate durante pandemia e tema continua ad essere trattato come dibattito sul singolo caso giudiziario radice del problema √® ancora tipo culturale articolo completo,0,3,1
no violenza sulle donne e magari vogliamoci pi√π bene tutti vita √® bella e va vissuta ciao elisa bocca al lupo,0,0,2
barbari violenza sulle donne india raggiunge numeri talmente alti diventare emergenza non si pu√≤ pi√π ignorare agghiacciante,0,3,1
dignit√† √® impedire violenza sulle donne piaga profonda e inaccettabile deve essere contrastata vigore e sanata forza della cultura dell educazione dell esempio,0,0,1
pubblicato l avviso finanziamento iniziative informazione e sensibilizzazione rivolti prevenzione del,36,0,1
po ogni serata del festivaldisanremo √® scandita immancabilmente tema capitale violenza sulle donne razzismo mafia l unicit√† ciascuno discorso brillante segue monolitico inevitabile monologo ma bella ospitata tema libero chiedo troppo,0,0,2
pubblicato l avviso finanziamento iniziative informazione e sensibilizzazione rivolti prevenzione del,36,0,1
pubblicato l avviso finanziamento iniziative informazione e sensibilizzazione rivolti prevenzione del,36,0,1
per√≤ nessuno dice nulla quanto riguarda scene violenza sulle donne,1,0,1
pubblicato l avviso finanziamento iniziative informazione e sensibilizzazione rivolti prevenzione del,36,0,1
per√≤ nessuno dice nulla quanto riguarda scene violenza sulle donne,1,20,1
pubblicato l avviso finanziamento iniziative informazione e sensibilizzazione rivolti prevenzione della violenza maschile contro donne maggiori informazioni s t co negriikwzt,36,81,0
self love opera fatta raccolta fondi contro violenza sulle donne beatricebibiuberti selflove controlaviolenzasulledonne controlaviolenza glowup red heart tears watercolorart watercolor watercolordaily,0,0,2
presidente della repubblica permette violenza sulle donne e sui minorrenni e disabili rieti e legge fa schedine o corruzione cibo e falsa testimonianza dobbiamo ribelarci cose devono cambiare basta violenza sulle donne e minorenni e disabili,0,0,1
mattarella dignit√† √® impedire violenza sulle donne profonda inaccettabile piaga deve essere contrastata vigor,390,0,1
si voleva sentirmi durante giornata della violenza sulle donne novembre fatto sta avevo cosa l universit√† e mi disse lasciar perdere era pi√π importante sta cosa √® tipo okay credici,0,1,0
mattarella dignit√† √® impedire violenza sulle donne profonda inaccettabile piaga deve essere contrastata vigor,390,0,1
ho lasciato facebook l ennesima mi ha bloccato accusandomi essere autore post discriminanti dire sono contro immigrazione clandestina e essere contro violenza sulle donne facebook non √® accettabile vi saluto e vi schifo,0,0,1
mattarella dignit√† √® impedire violenza sulle donne profonda inaccettabile piaga deve essere contrastata vigor,390,0,1
drusilla foer sanremo chi √® conduttrice affianca amadeus domani trovo qualcosa stride nel cuore mi espongo e non parlo solo dei temi lgbt ma anche della violenza sulle donne dei diritti sul lavoro,0,0,1
drusilla foer sono bandiera ci√≤ penso liguria sa stride nel cuore mi espongo e non parlo solo dei temi lgbt ma anche della violenza sulle donne dei diritti sul,0,0,1
nel caso giustificherei violenza sulle donne nonsiamopiuvivi,0,0,0
non √® completamente estinto ma non siamo nemmeno messe come mia nonna manco si sognava avere voce capitolo cosa non √® cambiata √® violenza delle donne sulle donne shaming non delle vittime ma opinioni altrui solo sentirsi pi√π toste,0,0,1
dignit√† √® impedire violenza sulle donne mattarellabis,10,0,1
giusto partirei due grandi emergenze del paese cui buoni propositi non bastano piu sicurezza sul lavoro persone muoiono sul lavoro ogni giorno e violenza sulle donne donna viene uccisa ogni tre giorni due stragi silenziose allavoroeallalotta sjolmdh,0,1,0
menata delnrazzismo sanremo √® come violenza sulle donne scorso anno nient altro vetrina solite bandierine della ignoratele e lasciate si autoflagellino soli,0,0,1
questa √® stessa italia vede parlamento gremito esaltato e festante aver affossato ddl zan e tutti assent,1,0,2
dignit√† √® impedire violenza sulle donne mattarellabis,10,0,1
mattarella dignit√† √® impedire violenza sulle donne profonda inaccettabile piaga deve essere contrastata vigor,390,0,1
questa √® stessa italia vede parlamento gremito esaltato e festante aver affossato ddl zan e tutti assenti quando luned√¨ si deve discutere violenza sulle donne eutanasia ecc n,1,11,2
ieri sera opera nozze figaro nella interpretazione contemporanea sono divenute strumento lanciare messaggio contro violenza sulle donne,0,6,1
non solo temi lgbt ma anche violenza sulle donne lavoro sono bandiera penso e penso tante cose,24,0,1
mattarella dignit√† √® impedire violenza sulle donne profonda inaccettabile piaga deve essere contrastata vigor,390,0,1
ilunaticiasanremo √® vero peccato palco dell ariston e politica non dedichi spazio contro violenza sulle donne,0,1,1
violenza sulle donne √© superiorit√† certi uomini sentono dover mostrare sentirsi qualcuno altri come ospiti abbiamo acquisito √© tradizione dovremmo insegnarli vivere secondo nostre tradizioni se vogliono vivere paese,0,0,2
potevi spiegargli √® divenuto popolare negli anni durante protesta parit√† e diritti,5,0,1
sanremo passione grinta e cuore emma canzone parla s√¨ violenza sulle donne ma senza frasi fa,9,0,1
bello significato vestiti della rappresentante lista rosa √® colore della violenza sulle donne vestito bruciato replicare vestiti strappati durante violenza unici sanremo,1,13,2
blog violenza sulle donne e affidi diritti dei minori non ascoltati alley oop s t co fobbfm,0,0,1
mattarella dignit√† √® impedire violenza sulle donne profonda inaccettabile piaga deve essere contrastata vigor,390,0,1
questi applaudono quando mattarella parla dignit√† violenza sulle donne tratta esseri umani sono stessi c,42,0,1
dignit√† √® impedire violenza sulle donne mattarellabis,10,0,1
blog violenza sulle donne e affidi diritti dei minori non ascoltati alley oop s t co luyamjtzan,1,2,1
non solo temi lgbt ma anche violenza sulle donne lavoro sono bandiera penso e penso tante cose,24,0,1
non solo temi lgbt ma anche violenza sulle donne lavoro sono bandiera penso e penso tante cose,24,0,1
questi applaudono quando mattarella parla dignit√† violenza sulle donne tratta esseri umani sono stessi c,42,0,1
dignit√† √® impedire violenza sulle donne mattarellabis,10,0,1
questi applaudono quando mattarella parla dignit√† violenza sulle donne tratta esseri umani sono stessi c,42,0,1
capo dello stato nel discorso insediamento ha mostrato sensibilit√† ed attenzione alle donne e ha ribadito forza violenza sulle donne √® piaga inaccettabile questione dignit√† tutto paese deve essere contrastata vigore,1,9,1
mattarella dignit√† √® impedire violenza sulle donne profonda inaccettabile piaga deve essere contrastata vigor,390,0,1
mattarella dignit√† √® impedire violenza sulle donne profonda inaccettabile piaga deve essere contrastata vigor,390,0,1
vuole dire azzerare morti sul lavoro opporsi razzismo e antisemitismo impedire violenza sulle donne combattere tratta esseri umani diritto allo studio rispetto anziani contrastare povert√† e precariet√†,0,0,0
dignit√† √® impedire violenza sulle donne piaga profonda e inaccettabile deve essere contrastata vigore e sanata forza della cultura dell educazione dell esempio,0,0,1
dignit√† √® impedire violenza sulle donne mattarellabis,10,0,1
grande discorso del presidente mattarella parole mi sono piaciute e colpito giustizia va riformata profond,2,0,2
questi applaudono quando mattarella parla dignit√† violenza sulle donne tratta esseri umani sono stessi c,42,0,1
grande discorso del presidente mattarella parole mi sono piaciute e colpito giustizia va riformata profond,2,0,2
mattarella dignit√† √® impedire violenza sulle donne profonda inaccettabile piaga deve essere contrastata vigor,390,0,1
dignit√† √® impedire violenza sulle donne piaga profonda e inaccettabile deve essere contrastata vigore e sanata forza della cultura dell educazione dell esempio,0,2,1
gesto divenuto popolare negli anni settanta durante proteste parit√† e diritti delle donne fu usato parigi nel durante convegno trattava modo evocativo violenza sulle donne svsndk,0,1,1
questi applaudono quando mattarella parla dignit√† violenza sulle donne tratta esseri umani sono stessi c,42,0,1
nel discorso c ha messo tutto non si √® dimenticato niente e soprattutto nessuno parola chiave √® stata dignit√† ha ricordato lorenzo violenza sulle donne l antisemitismo razzismo sicurezza sul lavoro aiuti chi √® difficolt√† no conflitti,0,1,0
sanremo passione grinta e cuore emma canzone parla s√¨ violenza sulle donne ma senza frasi fa,9,0,1
parola chiave del discorso mattarella dopo giuramento √® stata dignit dignit√† √® azzerare morti sul lavoro,3,0,0
dignit√† √® impedire violenza sulle donne piaga profonda inaccettabile deve essere contrastata vigore,3,0,1
mattarella dignit√† √® impedire violenza sulle donne profonda inaccettabile piaga deve essere contrastata vigor,390,0,1
dignit√† √® azzerare morti sul lavoro feriscono societ√† dignit√† √® impedire violenza sulle donne üëèüëè matt,24,0,0
dignit√† √® impedire violenza sulle donne mattarellabis,10,0,1
mattarella dignit√† √® impedire violenza sulle donne profonda inaccettabile piaga deve essere contrastata vigor,390,0,1
dignit√† √® azzerare morti sul lavoro feriscono nostra societ√† dignit√† √® opporti al razzismo e all antisemitismo dignit√† √® impedire violenza sulle donne dignit√† √® diritto vita nelle migrazioni quando neghiamo diritto vita,0,1,0
stop violenza sulle donne,0,0,1
mattarella dignit√† √® impedire violenza sulle donne profonda inaccettabile piaga deve essere contrastata vigore e sanata forza della cultura dell educazione dell esempio parole come queste dovrebbero esserci milioni like,0,0,1
continuo pensare media abbiano cominciato parlare violenza sulle donne solo capito questa come resto della cronaca nera portava ascolti altrimenti non si spiega come quando decenni fa donne ammazzate erano molte pi√π non parlavano,0,0,2
sanremo passione grinta e cuore emma canzone parla s√¨ violenza sulle donne ma senza frasi fa,9,0,1
dignit√† √® impedire violenza sulle donne profonda inaccettabile piaga deve essere contrastata vigore e sanata forza della cultura dell educazione dell esempio sergiomattarella discorsomattarella,0,0,1
mattarella dignit√† √® impedire violenza sulle donne profonda inaccettabile piaga deve essere contrastata vigor,390,0,1
violenza sulle donne √® piaga inaccettabile contrastare e sanare ha detto sergio mattarella,4,0,1
mattarella dignit√† √® impedire violenza sulle donne profonda inaccettabile piaga deve essere contrastata vigor,390,0,1
dignit√† sociale sul lavoro delle migrazioni opporsi al razzismo impedire violenza sulle donne √® diritto allo studio contrasto delle povert√† √® non dover scegliere lavoro maternit√† √® non avere carceri sovraffollate √® pietra angolare del impegno mattarella,0,0,1
mattarella dignit√† √® impedire violenza sulle donne profonda inaccettabile piaga deve essere contrastata vigor,390,0,1
dignit√† √® impedire violenza sulle donne mattarella giuramento,5,0,1
presidentedellarepubblica mattarella dignit√† √® impedire violenza sulle donne profonda inaccettabile piaga,8,0,1
mattarella dignit√† √® impedire violenza sulle donne profonda inaccettabile piaga deve essere contrastata vigor,390,0,1
mattarella dignit√† √® impedire violenza sulle donne profonda inaccettabile piaga deve essere contrastata vigor,390,0,1
violenza sulle donne piaga estirpare,0,0,1
presidente mattarella ci ha ricordato dignit√† significa anche impedire violenza sulle donne piaga profonda ch,5,0,1
presidentedellarepubblica mattarella dignit√† √® impedire violenza sulle donne profonda inaccettabile piaga,8,0,1
tutte declinazioni della parola dignit√† lavoro tratta violenza sulle donne scuola mafie carceri futuro responsa,1,0,1
mattarella dignit√† √® impedire violenza sulle donne profonda inaccettabile piaga deve essere contrastata vigor,390,0,1
condivido passaggio mattarella sulla condizione femminile questione culturale umana sociale cosi come l aberrante violenza sulle donne tutte sconfiggere d accordo sulla riforma della giustizia cominciamo abbreviando tempi e garantendo piu vittime,0,1,1
oggi mattarella ha parlato dignit√† dignit√† azzerare morti sul lavoro opporsi al razzismo e all antisemitismo,2,0,0
dignit√† √® impedire violenza sulle donne profonda inaccettabile piaga deve essere contrastata vigore e sanata,3,0,1
violenza sulle donne √® piaga inaccettabile contrastare e sanare ha detto sergio mattarella,4,0,1
questi applaudono quando mattarella parla dignit√† violenza sulle donne tratta esseri umani sono stessi c,42,0,1
violenza sulle donne √® piaga inaccettabile contrastare e sanare ha detto sergio mattarella,4,0,1
mattarella dignit√† √® impedire violenza sulle donne profonda inaccettabile piaga deve essere contrastata vigor,390,0,1
dignit√† √® impedire violenza sulle donne profonda inaccettabile piaga deve essere contrastata vigore e sanata forza della cultura dell educazione dell esempio dignit√† √® non dover essere costrette scegliere lavoro e maternit√† mattarellabis,0,1,1
oggi mattarella ha parlato dignit√† dignit√† azzerare morti sul lavoro opporsi al razzismo e all antisemitismo impedire violenza sulle donne migranti difendere diritto vita combattere tratta e schiavit√π diritto allo studio contro l abbandono scol,2,3,0
mattarella dignit√† √® impedire violenza sulle donne profonda inaccettabile piaga deve essere contrastata vigor,390,0,1
violenza sulle donne si combatte anche sul piano culturale dando messaggi forti e agendo nei fatti sul piano istituzionale l aver negato presidenza della repubblica ad donna detta tutti aveva tutti requisiti √® pessimo segnale,0,0,0
dignit√† √® impedire violenza sulle donne profonda inaccettabile piaga deve essere contrastata vigore e sanata forza della cultura dell educazione dell esempio,0,0,1
presidentedellarepubblica mattarella dignit√† √® impedire violenza sulle donne profonda inaccettabile piaga,8,0,1
passaggi pi√π belli secondo me del discorso del presidente sergio mattarella non √® dignitoso avere carceri sovraffollate dignit√† √® opporsi razzismo e antisemitismo dignit√† √® impedire violenza sulle donne ascoltare voce studenti sentono difficolt√† domani,0,3,0
mattarella dignit√† √® impedire violenza sulle donne profonda inaccettabile piaga deve essere contrastata vigor,390,0,1
mattarella dignit√† √® impedire violenza sulle donne profonda inaccettabile piaga deve essere contrastata vigor,390,0,1
questi applaudono quando mattarella parla dignit√† violenza sulle donne tratta esseri umani sono stessi c,42,0,1
parola chiave del discorso mattarella dopo giuramento √® stata dignit dignit√† √® azzerare morti sul lavoro,3,0,0
e tant altro violenza sulle donne disabilit√† lotta alle mafie,0,0,1
mattarella dimostra sua grandezza politica e istituzionale nel discorso insediamento parla vari temi lavor,4,0,1
mattarella dignit√† √® impedire violenza sulle donne profonda inaccettabile piaga deve essere contrastata vigore e sanata forza della cultura dell educazione dell esempio giuramento,2,23,1
dignit√† √® impedire violenza sulle donne mattarella giuramento,1,0,1
mattarella dimostra sua grandezza politica e istituzionale nel discorso insediamento parla vari temi lavor,4,0,1
mattarella dignit√† √® impedire violenza sulle donne profonda inaccettabile piaga deve essere contrastata vigor,390,0,1
presidentedellarepubblica mattarella dignit√† √® impedire violenza sulle donne profonda inaccettabile piaga,8,0,1
questi applaudono quando mattarella parla dignit√† violenza sulle donne tratta esseri umani sono stessi c,42,0,1
mattarella dignit√† √® impedire violenza sulle donne profonda inaccettabile piaga deve essere contrastata vigor,390,0,1
questi applaudono quando mattarella parla dignit√† violenza sulle donne tratta esseri umani sono stessi c,42,0,1
mattarella dignit√† √® impedire violenza sulle donne profonda inaccettabile piaga deve essere contrastata vigor,390,0,1
parola chiave del discorso mattarella dopo giuramento √® stata dignit dignit√† √® azzerare morti sul lavoro,3,0,0
discutete x pdr green p vaccini nuovo centro e tante altre gente muore sia casa lavoro cresce violenza nelle famiglie e sulle donne non si riesce pi√π ad andare avanti e no reddito giovani rabbiosi,0,0,0
presidente mattarella ci ha ricordato dignit√† significa anche impedire violenza sulle donne piaga profonda ch,5,0,1
dignit√† √® impedire violenza sulle donne profonda inaccettabile piaga deve essere contrastata vigore e sanata,3,0,1
questi applaudono quando mattarella parla dignit√† violenza sulle donne tratta esseri umani sono stessi c,42,0,1
presidente mattarella ci ha ricordato dignit√† significa anche impedire violenza sulle donne piaga profonda ch,5,0,1
dignit√† √® impedire violenza sulle donne piaga profonda inaccettabile deve essere contrastata vigore e sanata forza della cultura dell educazione dell esempio presidente mattarella,0,0,1
presidente mattarella ci ha ricordato dignit√† significa anche impedire violenza sulle donne piaga profonda occorre contrastare e sanare forza della cultura dell educazione dell esempio monito non pu√≤ e non deve restare inascoltato,5,22,1
mattarella dignit√† √® impedire violenza sulle donne profonda inaccettabile piaga deve essere contrastata vigor,390,0,1
mattarella dimostra sua grandezza politica e istituzionale nel discorso insediamento parla vari temi lavoro cultura riforme magistratura violenza sulle donne invita politica fare pi√π e politici applaudono dimostrando ipocrisia giuramento szd,4,12,1
dignit√† √® impedire violenza sulle donne profonda inaccettabile piaga deve essere contrastata vigore e sanata forza della cultura dell educazione dell esempio giuramento montecitorio presidentemattarella,3,17,1
mattarella dignit√† √® impedire violenza sulle donne profonda inaccettabile piaga deve essere contrastata vi,14,0,1
del presidentemattarella mi colpisce ogni parla sembra viva insieme non palazzo morti,3,0,0
questi applaudono quando mattarella parla dignit√† violenza sulle donne tratta esseri umani sono stessi c,42,0,1
dignit √® superare piaga dei morti sul lavoro opporsi razzismo e antisemitismo impedire violenza sulle donne impedire tratta e schiavit√π esseri umani garantire diritto allo studio paese libero dalle mafie senza carceri affollate no limiti x disabili mattarella,0,0,0
dignit√† √® impedire violenza sulle donne piaga profonda inaccettabile deve essere contrastata vigore e sana,5,0,1
questi applaudono quando mattarella parla dignit√† violenza sulle donne tratta esseri umani sono stessi c,42,0,1
dignit√† √® impedire violenza sulle donne piaga profonda inaccettabile deve essere contrastata vigore e sana,5,0,1
quirinale mattarella inaccettabile violenza sulle donne come morti sul lavoro pi√π tragedie come que,10,0,0
questi applaudono quando mattarella parla dignit√† violenza sulle donne tratta esseri umani sono stessi c,42,0,1
quirinale mattarella inaccettabile violenza sulle donne come morti sul lavoro pi√π tragedie come que,10,0,0
questi applaudono quando mattarella parla dignit√† violenza sulle donne tratta esseri umani sono stessi c,42,0,1
dignit√† √® impedire violenza sulle donne mattarella giuramento,5,0,1
sacrificio degli operatori sanitari morti sul lavoro l opposizione al razzismo lotta contro violenza sulle donne piaga profonda e inaccettabile va sanata cultura ed educazione dignit√† paese non distratto grazie presidente mattarella,0,2,2
presidentedellarepubblica mattarella dignit√† √® impedire violenza sulle donne profonda inaccettabile piaga,8,0,1
questi applaudono quando mattarella parla dignit√† violenza sulle donne tratta esseri umani sono stessi c,42,0,1
dignit√† √® azzerare morti sul lavoro feriscono societ√† dignit√† √® impedire violenza sulle donne mattarella,0,1,0
dignit√† √® impedire violenza sulle donne mattarellabis,10,0,1
quirinale mattarella inaccettabile violenza sulle donne come morti sul lavoro pi√π tragedie come que,10,0,0
mattarella dignit√† √® impedire violenza sulle donne profonda inaccettabile piaga deve essere contrastata vigor,390,0,1
dignit√† √® impedire violenza sulle donne profonda inaccettabile piaga deve essere contrastata vigore e sanata forza della cultura dell educazione dell esempio,0,0,1
quirinale mattarella inaccettabile violenza sulle donne come morti sul lavoro pi√π tragedie come que,10,0,0
mattarella dignit√† √® impedire violenza sulle donne profonda inaccettabile piaga deve essere contrastata vigor,390,0,1
dignit√† √® impedire violenza sulle donne mattarellabis,10,0,1
morti sul lavoro razzismo antisemitismo violenza sulle donne violenza sulle minoranze diritti umani diritto allo studio sovraffollamento delle carceri mafie praticamente mattarella ha fatto l elenco tutti temi ignorati dai parlamentari e quelli applaudivano quirinale,0,3,0
presidentedellarepubblica mattarella dignit√† √® impedire violenza sulle donne profonda inaccettabile piaga,8,0,1
tutte declinazioni della parola dignit√† lavoro tratta violenza sulle donne scuola mafie carceri futuro responsabilit√† anziani ecc provate dirmi non siamo fortunate ad avere presidentemattarella,1,10,1
questi applaudono quando mattarella parla dignit√† violenza sulle donne tratta esseri umani sono stessi c,42,0,1
dignit√† √® impedire violenza sulle donne mattarellabis,10,0,1
mattarella dignit√† √® impedire violenza sulle donne profonda inaccettabile piaga deve essere contrastata vigor,390,0,1
quirinale mattarella inaccettabile violenza sulle donne come morti sul lavoro pi√π tragedie come que,10,0,0
dignit√† √® impedire violenza sulle donne dignit√† √® non dover essere costrette scegliere lavoro e maternit√†,2,0,1
dignit√† √® impedire violenza sulle donne mattarellabis,10,36,1
dignit√† √® impedire violenza sulle donne piaga profonda inaccettabile deve essere contrastata vigore e sana,5,0,1
quirinale mattarella inaccettabile violenza sulle donne come morti sul lavoro pi√π tragedie come que,10,0,0
dignit√† √® impedire violenza sulle donne profonda piaga inaccettabile contrastare vigore e sanata forza d,2,0,1
questi applaudono quando mattarella parla dignit√† violenza sulle donne tratta esseri umani sono stessi c,42,0,1
mattarella dignit√† √® impedire violenza sulle donne profonda inaccettabile piaga deve essere contrastata vi,14,0,1
mattarella dignit√† √® impedire violenza sulle donne profonda inaccettabile piaga deve essere contrastata vi,14,0,1
dignit√† √® impedire violenza sulle donne piaga profonda inaccettabile deve essere contrastata vigore e sana,5,0,1
questi applaudono quando mattarella parla dignit√† violenza sulle donne tratta esseri umani sono stessi c,42,0,1
quirinale mattarella inaccettabile violenza sulle donne come morti sul lavoro pi√π tragedie come del giovane lorenzo parelli entrato fabbrica progetto scuola lavoro parole accolte dalla standing ovation della camera ansa,10,40,0
mattarella dignit√† √® impedire violenza sulle donne piaga profonda inaccettabile dev essere contrastata vigore,0,4,1
dignit√† √® impedire violenza sulle donne piaga profonda inaccettabile deve essere contrastata vigore e sana,5,0,1
dignit√† √® impedire violenza sulle donne piaga profonda inaccettabile deve essere contrastata vigore e sanata forza della cultura dell educazione dell esempio mattarella,5,42,1
questi applaudono quando mattarella parla dignit√† violenza sulle donne tratta esseri umani sono stessi c,42,0,1
mattarella dignit√† √® impedire violenza sulle donne profonda inaccettabile piaga deve essere contrastata vi,14,0,1
dignit√† √® impedire violenza sulle donne dignit√† √® non dover essere costrette scegliere lavoro e maternit√†,2,0,1
presidentedellarepubblica mattarella dignit√† √® impedire violenza sulle donne profonda inaccettabile piaga,8,0,1
dignit√† √® impedire violenza sulle donne dignit√† √® non dover essere costrette scegliere lavoro e maternit√† mattarella,2,4,1
mattarella dignit√† √® impedire violenza sulle donne profonda inaccettabile piaga deve essere contrastata vigor,390,0,1
lotta alle diseguaglianze ed povert√† come asse portante del lavoro del parlamento parit√† sicurezza sul lavoro lotta violenza sulle donne valore della vita umana dignit costruiamo paese migliore non si volti dall altra parte grazie presidente mattarella,0,0,0
presidentedellarepubblica mattarella dignit√† √® impedire violenza sulle donne profonda inaccettabile piaga,8,0,1
presidentedellarepubblica mattarella dignit√† √® impedire violenza sulle donne profonda inaccettabile piaga deve essere contrastata vigore e sanata forza della cultura dell educazione dell esempio quirinale,8,34,1
questi applaudono quando mattarella parla dignit√† violenza sulle donne tratta esseri umani sono stessi c,42,0,1
violenza sulle donne piaga profonda inaccettabile mattarella giuramento,2,0,1
dignit√† √® impedire violenza sulle donne mattarella giuramento,5,0,1
del presidentemattarella mi colpisce ogni parla sembra viva insieme non palazzo morti,3,0,0
scuola morti sul lavoro violenza sulle donne povert√† tratta esseri umani sovraffollamento delle carceri ricatto delle mafie l informazione libera ho perso conto quante volte mattarella ha pronunciato parola dignit,0,1,0
dignit√† √® impedire violenza sulle donne mattarella giuramento,5,0,1
questi applaudono quando mattarella parla dignit√† violenza sulle donne tratta esseri umani sono stessi c,42,0,1
violenza sulle donne √® piaga inaccettabile contrastare e sanare ha detto sergio mattarella,4,0,1
del presidentemattarella mi colpisce ogni parla sembra viva insieme non palazzo morti,3,0,0
questi applaudono quando mattarella parla dignit√† violenza sulle donne tratta esseri umani sono stessi c,42,0,1
mattarella dignit√† √® impedire violenza sulle donne profonda inaccettabile piaga deve essere contrastata vigor,390,0,1
dignit√† √® impedire violenza sulle donne mattarella giuramento,5,0,1
questi applaudono quando mattarella parla dignit√† violenza sulle donne tratta esseri umani sono stessi c,42,0,1
violenza sulle donne √® piaga inaccettabile contrastare e sanare ha detto sergio mattarella,4,10,1
questi applaudono quando mattarella parla dignit√† violenza sulle donne tratta esseri umani sono stessi c,42,0,1
questi applaudono quando mattarella parla dignit√† violenza sulle donne tratta esseri umani sono stessi c,42,0,1
mattarella dignit√† √® impedire violenza sulle donne profonda inaccettabile piaga deve essere contrastata vigore e sanata forza della cultura dell educazione dell esempio giuramento quirinale,0,7,1
mattarella dignit√† √® impedire violenza sulle donne profonda inaccettabile piaga deve essere contrastata vigore e sanata forza della cultura dell educazione dell esempio,14,114,1
questi applaudono quando mattarella parla dignit√† violenza sulle donne tratta esseri umani sono stessi c,42,0,1
dignit√† √® impedire violenza sulle donne mattarella giuramento,5,16,1
no violenza sulle donne no schiavit√π degli esseri umani no alle morti lavoro no al divario digitale no povert√† dignit√† non √® essere costretti scegliere lavoro e maternit√† mattarella √® presidente ‚ù§Ô∏è mattarellabis mattarella giuramento,1,1,2
mattarella dignit√† √® impedire violenza sulle donne profonda inaccettabile piaga deve essere contrastata vigor,390,0,1
mattarella dignit√† √® impedire violenza sulle donne profonda inaccettabile piaga deve essere contrastata vigor,390,0,1
violenza sulle donne piaga profonda inaccettabile mattarella giuramento,2,0,1
questi applaudono quando mattarella parla dignit√† violenza sulle donne tratta esseri umani sono stessi c,42,0,1
mattarella dignit√† √® opporsi al razzismo e all antisemitismo dignit√† √® opporsi violenza sulle donne presidenzadellarepubblica,0,0,1
del presidentemattarella mi colpisce ogni parla sembra viva insieme non palazzo morti sul lavoro lorenzo pierelli monica vitti violenza sulle donne schiaffone √® politica lontana dalle persone non schiaffone atteso bis,3,20,2
dignit√† √® impedire violenza sulle donne forza della cultura dell educazione dell esempio presidente ma,1,0,1
mattarella dignit√† √® impedire violenza sulle donne profonda inaccettabile piaga deve essere contrastata vigor,390,0,1
mamma mia mancanza rispetto anche caso non aste finire discorso sta parlando morti sul lavoro violenza sulle donne antisemitismo e razzismo spesso non fate nulla evitare queste cose vergogna parlamento mattarella,0,1,1
avete dato sulla violenza sulle donne commessa italiani extracomunitari immigrati irregolari grazie,0,0,2
dignit√† √® impedire violenza sulle donne profonda piaga inaccettabile contrastare vigore e sanata forza d,2,0,1
dignit√† √® impedire violenza sulle donne piaga profonda inaccettabile deve essere contrastata vigore e sanata forza della cultura dell educazione dell esempio presidente sergio mattarella,3,10,1
dignit√† √® impedire violenza sulle donne profonda inaccettabile piaga deve essere contrastata vigore e sanata forza della cultura dell educazione dell esempio,0,10,1
mattarella dignit√† √® impedire violenza sulle donne profonda inaccettabile piaga deve essere contrastata vigor,390,0,1
dignit√† e √© impedire violenza sulle donne piaga profonda inaccettabile deve essere contestata e sanata cultura l educazione e l esempio mattarellabis,0,0,1
dignit√† √® opporsi violenza sulle donne mattarella mattarellabis,0,2,1
questi applaudono quando mattarella parla dignit√† violenza sulle donne tratta esseri umani sono stessi hanno affossato ddlzan hanno rinnovato accordi libia e non fanno nulla problemi socioeconomici del paese giuramento,42,189,1
mattarella dignit√† √® impedire violenza sulle donne profonda inaccettabile piaga deve essere contrastata vigor,390,0,1
mattarella doveroso ascoltare voce degli studenti dignit√† √® azzerare morti sul lavoro feriscono soci,3,0,0
dignit√† √® opporsi al razzismo e all antisemitismo aggressioni alle minoranze impedire violenza sulle donne migrazioni e diritto vita giorgia e matteo positivo svenuti pillon e adinolfi hanno preso fuoco,0,1,1
mattarella dignit√† √® impedire violenza sulle donne profonda inaccettabile piaga deve essere contrastata vigor,390,0,1
dignit√† √® azzerare morti sul lavoro dignit√† √® opporsi al razzismo e all antisemitismo dignit√† √® impedire violenza sulle donne mattarella,0,1,0
mattarella dignit√† √® fermare morti sul lavoro feriscono societ√† e coscienza ognuno pi√π tragedie come del giovane lorenzo parelli dignit√† √® opporsi razzismo e antisemitismo dignit√† √® impedire violenza sulle donne,3,21,0
mattarella dignit√† √® impedire violenza sulle donne profonda inaccettabile piaga deve essere contrastata vigor,390,0,1
mattarella dignit√† √® impedire violenza sulle donne profonda inaccettabile piaga deve essere contrastata vigor,390,0,1
dignit√† √® impedire violenza sulle donne mattarellabis,0,2,1
mattarella dignit√† √® impedire violenza sulle donne profonda inaccettabile piaga deve essere contrastata vigor,390,0,1
dignit√† √® impedire violenza sulle donne forza della cultura dell educazione dell esempio presidente mattarella,1,1,1
mattarella opposti al razzismo e antisemitismo üò≠üò≠üò≠üò≠ impedire violenza sulle donne piaga profonda inaccettabile,0,1,1
mattarella dignit√† √® impedire violenza sulle donne profonda inaccettabile piaga deve essere contrastata vigor,390,0,1
violenza sulle donne piaga profonda inaccettabile mattarella giuramento,2,14,1
mattarella doveroso ascoltare voce degli studenti dignit√† √® azzerare morti sul lavoro feriscono soci,3,0,0
dignit√† √® impedire violenza sulle donne mattarella giuramento,1,8,1
dignit√† √® impedire violenza sulle donne piaga profonda e inaccettabile deve essere sanata forza della cultura dell educazione dell esempio presidentemattarella quirinale mattarella quirinale,0,2,1
dignit√† √® impedire violenza sulle donne sergio mattarella febbraio mattarella,0,0,1
tutto pi√π dal giovane lorenzo morto all antisemitismo violenza sulle donne confronto sanremo √® roba rivoluzionaria,0,0,0
dignit√† √® impedire violenza sulle donne profonda piaga inaccettabile contrastare vigore e sanata forza della cultura dell educazione dell esempio mattarella,2,17,1
mattarella dignit√† √® impedire violenza sulle donne profonda inaccettabile piaga deve essere contrastata vigor,390,0,1
mattarella dignit√† √® impedire violenza sulle donne profonda inaccettabile piaga deve essere contrastata vigor,390,0,1
mattarella doveroso ascoltare voce degli studenti dignit√† √® azzerare morti sul lavoro feriscono societ√† dignit√† √® opporsi all antisemitismo e razzismo impedire violenza sulle donne quirinale presidentedellarepubblica scuola giuramento,3,9,0
mattarella dignit√† √® impedire violenza sulle donne profonda inaccettabile piaga deve essere contrastata vigore e sanata forza della cultura dell educazione dell esempio,390,1726,1
dignit√† √® impedire violenza sulle donne e parlamento si alza piedi mattarella giuramento,1,3,1
dignit√† √® impedire violenza sulle donne ancora lungo applauso dall aula,0,3,2
mattarella dignit√† √® impedire violenza sulle donne,0,0,1
dignit√† √® azzerare morti sul lavoro feriscono societ√† dignit√† √® impedire violenza sulle donne üëèüëè mattarella,24,242,0
impedire violenza sulle donne mattarella giuramento,0,0,1
potevi spiegargli √® divenuto popolare negli anni durante protesta parit√† e diritti,5,0,1
non solo temi lgbt ma anche violenza sulle donne lavoro sono bandiera penso e penso tante cose,24,0,1
sanremo passione grinta e cuore emma canzone parla s√¨ violenza sulle donne ma senza frasi fa,9,0,1
potevi spiegargli √® divenuto popolare negli anni durante protesta parit√† e diritti,5,0,1
esatto e questa rappresentazione secondo me continua ad alimentare l idea distorta violenza sulle donne sia fisica ci sono donne subiscono violenza psicologica inaudita ma tipo violenza se parla poco bisognerebbe sensibilizzare pi√π,0,6,1
non solo temi lgbt ma anche violenza sulle donne lavoro sono bandiera penso e penso tante cose,24,0,1
potevi spiegargli √® divenuto popolare negli anni durante protesta parit√† e diritti,5,0,1
ha subito violenza e lotta linea conto violenza sulle donne grande amore grande massimo troisi mor√¨ giovane malattia al cuore non √® facile ci vuole empatia forse capire nathaly e ha passato si capisce ha passate,0,0,1
ho fatto tema contro violenza sulle donne e se non prendo almeno giuro divento come er tipo picchia minorenni incinte,0,0,1
emmamarrone emma marrone fa gesto femminista contro violenza sulle donne complottisti fa parte degli illuminati non ce dicono ecc complotto ps ciao emma si fa ridere sanremo,0,6,1
nomi dei relatori ad incontro sulla violenza sulle donne della mia citt√†,0,0,1
vita oggi giorno parliamo femminicidio violenza sulle donne come non ci debba essere discriminazione,7,0,1
quando si minimizza violenza sulle donne tutte insorgere giustamente decidiamo cosa √® molestia o violenza ecc abbiamo chi ci dice monologo zalone non va bene ma ci permettiamo dire no va bene √® ignoranti non capirlo chiedo,0,6,1
vita oggi giorno parliamo femminicidio violenza sulle donne come non ci debba essere discriminazione,7,0,1
all imbecilli descrive come agli stupratori o chi fa violenza sulle donne tutto parlare non ascoltano neanche non serve nulla servono botte rotture delle rotule e dei gomiti serve galega non frasi vittimismo,0,1,1
tw violenza sulle donne paramedico ha violentato ragazza ambulanza voglio evaporare smettere esistere cessare respirare procombere,0,16,1
non sto dicendo nulla non abbia sentito e visto √® verificabile tutto daytime e h quando bar√∫ usa violenza verbale sessuale sulle donne della casa dalla mattina sera unico pensiero e jessica ride e condivide e quando ha esposto piacere l asfissia sessuale,0,0,2
non sto dicendo nulla non abbia sentito e visto √® verificabile tutto daytime e h quando bar√∫ usa violenza verbale sessuale sulle donne della casa dalla mattina sera unico pensiero e jessica ride e condivide e quando ha esposto piacere l asfissia sessuale,0,0,2
persone povere mente quando non hanno niente dire sono solite fare sterili polemiche eppure ce sarebbero cose morti sul lavoro inflazione pnrr ucraina violenza sulle donne ecc ecc,0,1,0
sanremo passione grinta e cuore emma canzone parla s√¨ violenza sulle donne ma senza frasi fatte graffia e urla tanto trasmettere emozioni condite elegante presenza bellissimo l abbraccio finale maestra francescamichielin,9,53,2
vi faccio riassunto dei dati l istat ha diffuso ieri sui ruoli genere occasione della giornata contro vio,750,0,1
barcellona tema della violenza sulle donne convegno organizzato dall associazione siculomania,1,1,1
dai enni ai maggiorenni italia si susseguono episodi violenza sulle donne ormai trattati stampa e tv come e,16,0,1
tutti campo contro violenza sulle donne occasione della giornata contro violenza sulle donne uisp chia,1,0,1
violenza sulle donne √® allarme sbhgkkwx,0,1,1
vedere basciagoni anche no sclera dal nulla e fa sottona e ci sta male anche meno violenza sulle donne √® fa sua madre glielo ha cercato dire nn so come soleil non glielo dica chiaro faccia sole scade gfvip,0,2,2
emma sono pop ma mi impegno contro violenza sulle donne emma sono impegno contro s t co yhynpwc,0,2,1
oggi ricordiamo giornata internazionale contro violenza sulle donne istituita nel novembre dalle nazioni unite,12,0,0
emma sono pop ma mi impegno contro violenza sulle donne emma sono impegno contro,0,0,1
potevi spiegargli √® divenuto popolare negli anni durante protesta parit√† e diritti,5,0,1
potevi spiegargli √® divenuto popolare negli anni durante protesta parit√† e diritti delle donne e fu utilizzato nel parigi giovanna pala durante convegno trattava modo evocativo violenza sulle donne fu usato tutta europa,5,68,1
vita oggi giorno parliamo femminicidio violenza sulle donne come non ci debba essere discriminazione,7,0,1
biangelo violenza sulle donne e l indifferenza chi muore sul lavoro appunto razzismo,0,0,1
l opera parole parole parole realizzata elena mazzi combattere discriminazioni e violenza sulle donne conti,2,0,1
mamma mia katia mamma mia schifo mo violenza sulle donne mezzo gfvip syibf,0,14,0
violenza sulle donne varriale ho fatto cosa non si dovrebbe fare,0,0,1
emma all ariston porta sempre temi importanti disoccupazione nel violenza sulle donne quest anno canzone √® bella sanremo,1,4,2
dai enni ai maggiorenni italia si susseguono episodi violenza sulle donne ormai trattati stampa e tv come e,16,0,1
dai enni ai maggiorenni italia si susseguono episodi violenza sulle donne ormai trattati stampa e tv come e,16,0,1
vero mattanza vergognoso nel ci sia tanta violenza sulle donne educate bambini al rispetto l educazione familiare √® importantissima deve contribuire anche scuola educazione sentimentale e sessuale chilhavisto,0,1,0
tutto dipende dall educazione sia scuola casa non √® normale continuano ad accadere episodi genere nel ma non parlo solo razzismo parlo misoginia omofobia violenza sulle donne diffondere odio educate vostri figli sanremo,0,0,0
era sulla violenza sulle donne,0,3,1
razzismo si spiega sola parola troglodita troglodita √© polifunzionale vedasi disparit√† uomo donna violenza sulle donne diversity inquinamento scie chimiche g ecc l elenco ahim√® √© lunghissimo sanremo sx,1,0,1
san remo ha avuto tantissimi ospiti d eccezione sul tema razzismo sessismo violenza sulle donne eppure non caso mi sembra sempre si punti alcuni temi non perche ci sia l interesse sensibilizzare lorena √® brava e non meritava qst speech,0,1,0
no violenza sulle donne parola scritta pu√≤ far male quanto sberla tante ragazze delle parole si sono tolte vita moderiamo termini se non piace persona non serve riempirla insulti si evita,0,1,0
premier league c √® problema violenza sulle donne iran donne tornano allo stadio stati uniti trump promette,1,0,1
non √® solo violenza sulle donne mi sembra escalation generale incontrollata e soprattutto futili motivi c √® qualcosa non va,0,0,1
vaticano d indignarsi e alzare voce scenata fatta al solo scopo far parlare s√© dovrebbe gridare contro pedofilia e violenza sulle donne questi argomenti non c √® prelato abbia gridato allo scandalo,0,0,0
pelo nell uovo giustificher√† sessismo e violenza sulle donne meno si abbiano amici lauree farlocche e brava oltre piscina si destreggia bene anche nel fango,0,0,2
dai enni ai maggiorenni italia si susseguono episodi violenza sulle donne ormai trattati stampa e tv come e,16,0,1
continua difenderla quando √® portatore lotte contro omosessualit√† razzismo e violenza sulle donne se ci sei batti colpo vogliamo provvedimenti,0,2,1
no violenza sulle donne sulle donne quante manifestazioni abbiamo assistito sul tema quante volte politici associazioni e cittadini hanno condannato fermamente ogni forma violenza sulle donne,0,0,0
vigilanza e mobilitazione sono parole d ordine del comitato diritti delle donne monaco √® stato staazzurra,0,0,1
meravigliosa lotta della asroma contro violenza sulle donne üëè,2,0,2
videonotizia ancora casi violenza sulle donne reggio emilia e campania,0,0,1
non ho visto scherzare al festival sanremo sugli immigrati sulla violenza sulle donne mi dispiace,0,0,2
volevo parlare argomento purtroppo attuale cio√® violenza sulle donne e secondo me dopo attenta e minuziosa riflessione sono arrivato conclusione donne dovrebberl violentare uomini vi prego sarei violentato gratisss dddd,0,0,1
vita oggi giorno parliamo femminicidio violenza sulle donne come non ci debba essere discriminazione genere ma ho notato come ancora concetto non sia chiaro come ancora oggi si cerchi giustificare l uomo come si dia ancora colpa,7,44,1
e ti denuncio violenza sulle donne,0,0,1
dai enni ai maggiorenni italia si susseguono episodi violenza sulle donne ormai trattati stampa e tv come e,16,0,1
pensa te se stanno guardare ste cose √® normale essere razzisti bestemmiare essere omofobi giustificare violenza sulle donne e qua volete si insegni mangiare e vissero tutti felici e contenti solo nelle favole gfvip,0,2,2
dai enni ai maggiorenni italia si susseguono episodi violenza sulle donne ormai trattati stampa e tv come eventi quasi normali occorre immediata presa coscienza delle famiglie e riforma del codice penale reati contro donne,16,207,1
mi spiegate come si arriva violenza sulle donne post sessista misandrico della lucarelli noallaviolenza sempre e comunque,0,0,0
quando sento parlare annarita briganti mi trovo comprendere uomini picchiano donne sono quelle come hanno generato violenza sulle donne cara annarita sei vergogna del genere femminile nel mondo e lascia stare minnie e topolino mattino,0,0,0
politica italiana e morte strupo uccidere calpestare imbrogliare violenza sulle donne scambi organi politica ha mani tutto cio non funziona questa nazione x me meglio mafiosi sai chi hai difronte sono tutti porci disumani,0,0,1
sanremo emma torno consapevolezza della strada fatta mi sono schierata politicamente diritti lgbt,1,0,1
itd sanremo emma torno consapevolezza della strada fatta mi sono schierata politicamente diritti,1,0,1
sanremo emma torno consapevolezza della strada fatta yahoo notizie mi sono schierata politicamente,1,0,1
intera stagione dedicata sta madre alunno difficile col padre esce prigione e minaccia tutto far riflettere sulla violenza sulle donne ed √® protagonisti sono tutti maschi tranne,0,1,1
violenza sulle donne non ha confini e spesso ha chiavi casa stop violence on women,533,0,1
no violenza sulle donne,0,0,0
miei show cerco sensibilizzare sui temi dell omofobia della violenza sulle donne e del razzismo leggete n,9,0,1
non demandare figuriamoci solo usare palco vanta almeno mln telespettatori condannare e sensibilizzare fece scorso anno l bert√® giustamente contro violenza sulle donne,0,1,0
maltrattamenti e violenza sulle donne hai bisogno aiuto centri antiviolenza italia,1,0,1
parte dei canti sorelle uccise √® micidiale violenza sulle donne raccontata modo farti vedere agli occhi immagini violenza questa √® parte pi√π mi ha toccato e intristito uomo schifato grande margaret n n,0,3,0
questa sera inizia sanremo sarebbe bello amadeus invitasse e sua rockrideriders band canzone troppo tardi ormai √® contro violenza sulle donne al festival parlano ogni anno quale occasione migliore ci spero sempre üòÇ sb,0,0,0
violenza sulle donne dolo forse non c √® vittima ha reagito al palpeggiamento solo dopo secondi,4,0,1
progetto speciale contro violenza sulle donne realizzato assieme fotografa chiara manente miei testi,2,0,1
maltrattamenti e violenza sulle donne hai bisogno aiuto centri antiviolenza italia,1,1,1
üèº portare amare chi fa male mtt plll e cardiotrap come argomento della violenza sulle donne,0,0,1
quanto dovr√† ancora durare approfittarsi soleil vi diverte davvero tanto veder ragazza coinvolta teatrino assurdo e affossata dalla massa vergognatevi meno male siete contrari violenza sulle donne vergogna gfvip solearmy,0,16,0
non posso fare battuta innocente subito mi mette like minaccioso eh ma violenza sulle donne,0,9,1
progetto speciale contro violenza sulle donne realizzato assieme fotografa chiara manente miei testi,2,0,1
progetto speciale contro violenza sulle donne realizzato assieme fotografa chiara manente miei testi intrecciati alle sue immagini buongiornoatutti ventaglidiparole art artist artistontwitter arte artwork creativesociety photography photo writing,2,10,2
dubitare entrambi sicuramente non l hai scritto al post johnny depp anche se prove non avevi subito sottomano se notizia violenza sulle donne cosa ti viene mente √® dubito hai coda paglia della madonna,0,0,1
aggredisce moglie enne denunciato dalla polizia napoli,1,0,1
righe si trova sempre scusante alcol e sciopero scuola caso resta si continua chiudere occhi si ignora sistematica violenza sulle donne e nulla si fa termini educazione svw,0,2,1
durante giornata contro violenza sulle donne mi raccomando denunciate sempre Ô∏è Ô∏è,1,53,1
bambini sottratti crimini invisibili stolen children invisible crimes report by luisa betti dakli sott en campagna contro violenza maschile sulle donne crimininvisibili donnexdiritti violenzasulledonne bambini febbraio,0,1,1
complimenti tutte persone hanno votato si vede comunque violenza sulle donne non va perdonata e soleil si comporta male tutti e attacca tutti appena ha possibilit√†,0,0,0
premier league c √® problema violenza sulle donne iran donne tornano allo stadio stati uniti trump promette negher√† alle donne trans praticare sport nelle categorie femminili se rieletto podcast alice corte,1,1,1
napoli violenza sulle donne scena brevi interviste uomini schifosi s t co astiriy,0,0,0
ci sono casi cui monumento celebra qualcosa cui societ√† commissiona non sta facendo abbastanza come nel caso dei monumenti ai caduti sul lavoro o contro violenza sulle donne utili solo postare foto dell inaugurazione sui social,0,1,0
sanremo emma torno consapevolezza della strada fatta mi sono schierata politicamente diritti lgbt contro violenza sulle donne porti aperti ad esempio ho preso critiche insulti visualizza articolo,1,0,0
itd sanremo emma torno consapevolezza della strada fatta mi sono schierata politicamente diritti lgbt contro violenza sulle donne porti aperti ad esempio ho preso critiche insulti visualizza articolo,1,0,0
tutti bravi dire no violenza sulle donne serata fronte milioni persone uomo si,3,0,1
no violenza sulle donne si violenza may lt,0,0,0
mamma mia false usare scusa della violenza sulle donne bassezza nathalie lul√π marciano tutto e sono l,1,0,1
violenza sulle donne √© indifendibile anche verbale passo √© breve gfvip,0,2,1
sei falso e naftalina sei stronza detto donna ma l smetti provocare e se ha grossi problemi uomini nn vada parlare violenza sulle donne tt altra cosa se l hanno mollata tt ci sar√† ilperche gfvip,0,0,1
mamma mia false usare scusa della violenza sulle donne bassezza nathalie lul√π marciano tutto e sono prime oche maleducate gridano faccia tutti lul√π ti svelo segreto non √® se sei donna puoi fare come ti pare gfvip,1,7,2
tutti bravi dire no violenza sulle donne serata fronte milioni persone uomo si,3,0,1
tutti bravi dire no violenza sulle donne serata fronte milioni persone uomo si permette inveire gratuitamente contro donna e tutti muti gfvip gfvip gfvipparty gfvip,3,11,1
sto mago deve uscire fanno false scuse ma ricordiamoci violenza sulle donne non √® solamente botte e violentate anche quelle verbali oltre tutto diretta live e non si √® nemmeno mossa dopo quel lh√® successo e signorini sorrideva schifo,0,0,1
violenza sulle donne dolo forse non c √® vittima ha reagito al palpeggiamento solo dopo secondi,4,0,1
ha fatto bene basta urlare contro donne tante parolone contro violenza sulle donne e dobbiamo assistere spettacolo vergognoso vecchietto inveisce contro donna violenza verbale rasenta denuncia non mi √® piaciuto sua falsit√†,0,0,1
violenza sulle donne racconto beatrice spettano l ammazzi prossima,0,0,1
rinnovamento parti non pi√π fratelli d italia ma nome inclusivo anche delle donne impegno sulle pari opportunit√† lotta violenza sulle donne tutela della carta costituzione se procedi avrai voto tante cittadine,0,0,1
violenza sulle donne dolo forse non c √® vittima ha reagito al palpeggiamento solo dopo secondi,4,0,1
avete aspettato giusto giorno rendervi conto della gravit√† avete buttato caciara piaga purtroppo continua sanguinare ricordate al pubblico novembre non basta ricordare violenza sulle donne,0,9,2
dodici anni mi espongo e dico penso mi sono schierata politicamente diritti lgbt contro violenza sulle donne porti aperti ad esempio lg bt fai vendi televisori e ti pagano bit coin eri pd sei scappata,0,0,1
eehhh cantante mascherato √® osceno cancelliamo ma teniamo dizi si vedono abusi sulle donne violenza e quant altro,0,5,1
giustizia penosa e pietosa questa sentenza tre giudici donne motivazione ci ha messo secondo pi√π reagire ed opporsi inutili giornate contro violenza sulle donne ecco chiedetevi non denunciano,0,0,1
se compromesso √® l ignorare questioni genere non vedo possibile problemi legati all omofobia e violenza sulle donne sono fondati sulla concezione genere ruoli genere e sulla differenza genere e sesso biologico non si scappa,0,6,1
violenza sulle donne dolo forse non c √® vittima ha reagito al palpeggiamento solo dopo secondi,4,0,1
ma vedi solo violenza svegliati fuori e vai capire cos √® veramente violenza sulle donne cretina,0,0,1
violenza sulle donne dolo forse non c √® vittima ha reagito al palpeggiamento solo dopo secondi motivazione credibile sentenza assoluzione l appello faccia chiarezza e soprattutto giustizia,4,11,1
camere salta tetto stipendi d oro giornata mondiale contro violenza sulle donne amori non sanno stare al mondo c,3,0,0
farfalle evento artistico corale contro violenza sulle donne teaser s t co homcbhv,0,0,1
mi fa ridere come parlate denunce false solo quando si parla violenza sulle donne e non altri tipi crimini come se vogliate giustificare tutto e tutto violentatore,0,1,1
lascia commento alfonso signorini stsu biografie biografieonline via inaccettabile violenza e aggressivit√† basciano contro delia senn√≤ attivit√† no violenza sulle donne senso ha,0,0,0
favore risparmiatelo principe crudele trama bruttissima ma c √® romanticizazzione della violenza sulle donne assurda,0,0,1
ma james watson non √® sfigato rub√≤ insieme al compare lavoro rosalind franklin n,1,0,2
libert√† crescere l iniziativa contro violenza sulle donne viterbo riceviamo e pubblichiamo centro,0,0,2
divertente come parlate pedofilja e violenza sulle donne sto facendo assemblea tre ore questa roba,0,1,2
tutti garantisti greenwood violenza sulle donne non √® questione tifo √® questione civilt√†,1,0,1
senza parole violenza sulle donne femminicidio,0,0,1
tutti garantisti greenwood violenza sulle donne non √® questione tifo √® questione civilt√† manca chi sta dando addosso harrietrobson,1,4,1
violenza sulle donne trent anni persi leggi cambiano e l orrore resta,0,0,1
altrimenti andremo sempre peggiorare queste situazioni e ci diciamo siamo sempre avanti ha tutti altri stati certe situazioni siamo come uomini afgani usano violenza sulle donne n√© pi√π n√© meno e nn voglio vivere paese,0,0,2
cosa fa ridere √® demonizzano porta sfortuna e l atteggiamento bullismo nei confronti concorrente per√≤ scomodano violenza sulle donne quando semplicemente uomo si √® stancato del comportamento delle donne,0,2,1
ma volete smettere intossicare dei discorsi seri strumentalizzate violenza sulle donne non scomodate piacimento o inficiate discorso e battaglie serie siete ridicoli e non sapete distinguere discussione accesa cui donna e uomo sono pari,0,2,0
sanremo emma torno consapevolezza della strada fatta yahoo notizie mi sono schierata politicamente diritti lgbt contro violenza sulle donne porti aperti ad esempio ho preso critiche insulti skzuxlb,1,0,0
bar√π offende donne giucas aggredisce violentemente nataly basciano aggredisce delia questi omuncoli fanno gradassi donne sono l equivalente della merda gf intervenga basta violenza sulle donne gfvip,2,8,0
ma basta strumentalizzare tema tanto serio come violenza sulle donne avete rotto cazzo violenza sulle donne √® cosa discutere anche alzando voce √® ben altro e donne non siamo fiorellini indifesi trattare guanti ma esseri umani capaci difenderci,0,1,1
violenza sulle donne va condannata e combattuta tutti giorni dell anno non solo novembre l atto pi√π vile,10,0,1
ma james watson non √® sfigato rub√≤ insieme al compare lavoro rosalind franklin non √® stesso sfigato ha dichiarato inferiorit√† dei neri causa del dna se ti appoggi alle idee razzista misogino ci credo scusi violenza sulle donne,1,24,0
no violenza sulle donne,0,1,0
√® davvero frustrante leggere facilit√† cui mettete discussione narrazione della violenza sulle donne anche quando avete delle prove evidenti mi chiedo se sar√† sufficiente informare sensibilizzare ed educare quanto mentalit√† prevalente √® ancora questa,0,6,2
ho letto farei anch cambiare idea l anno dopo usufruito del diritto se stato volutamente minuscolo √® coglione va fottuto sue stesse leggi oppure non cambierei idea primo mi minaccia √® violenza sulle donne üòÇ,0,3,0
violenza sulle donne √® problema culturale e mentalit√† occorre lavorare insieme uomini e donne cambiare u,2,0,2
eh ma violenza sulle donne non c √® marzo tutto l anno bla bla bla mondo reale √® ovviamente altra roba rispetto si vede legge sui social,0,1,1
parlate tanto violenza sulle donne ecc ti faccio esempio banale metti caso fosse rimasta incinta e avesse giustamente deciso non tenerlo e ipoteticamente glielo avesse comunicato dopo mese gravidanza merda sarebbe stato comunque gt,0,4,0
non sarei presidente tutti non sarei presidente ladri e corrotti non sarei presidente della gue,27,0,1
immagino funzioni come giornata contro violenza sulle donne giorno diciamo sono buoni e bra,2,0,2
non sarei presidente tutti non sarei presidente ladri e corrotti non sarei presidente della gue,27,0,1
commesso importante combattere tutti mezzi abbiamo violenza sulle donne importantissimo anche tutelare giustizia non diventi processi sommari e casuali laddove non esistono evidenze stati si fondano piaccia o no tutti hanno diritto,0,0,1
ogni persona ha problemi personali ma ogni si parla violenza sulle donne √® dire e parlare altri problemi ovvio c √® problema suicidi ma tema √® altro contiamo chiamate ai numeri antiviolenza donne uccise negli ultimi mesi,0,0,1
non tollero chi compie violenza sulle donne gente come nandez juve non ci deve mettere piede,0,2,1
forza italia sostiene coraggio della liberta videconferenza dire basta violenza sulle donne intervengo,3,0,2
immagino funzioni come giornata contro violenza sulle donne giorno diciamo sono buoni e bravi si ricomincia ad ignorare educare italia nessuno ha voglia davvero,2,28,2
ah si sei quelli giustifica violenza sulle donne ho capito,0,1,1
distinguo e garantismo permeano casi violenza sulle donne non li ho visti altre occasioni per√≤ sono sempre presenti quando molestatore √® bianco e o ricco,0,0,1
sacchetti del pane della cpo contro violenza sulle donne day italia news,0,0,1
educazione e pari opportunit√† contro ogni forma violenza sulle donne battaglia deve vederci tutti uniti,61,0,1
basta femminicidi cisl contro ogni forma violenza sulle donne novembre giornatacontrolaviolenzasu,3,0,0
violenza sulle donne cui vengono appuoppati soliti stereotipi genere,0,0,1
violenza sulle donne sempre,0,0,1
dover fare lavoro gruppo sulla violenza sulle donne solo maschi is one of the worst thing ever,0,1,1
se gag televisiva stilezelig si d√† schiaffo calcio ai testicoli ad uomo tutti ridere √® satira √® divertente pr,3,0,2
non sarei presidente tutti non sarei presidente ladri e corrotti non sarei presidente della gue,27,0,1
non sarei presidente tutti non sarei presidente ladri e corrotti non sarei presidente della gue,27,0,1
uruguay migliaia persone protestano contro violenza sulle donne sks e sport certi uomini bast,0,0,1
sempre bene ricordare violenza sulle donne √® fenomeno trasversale sia sul piano sociale sul piano generazionale scuotere profondit√† tante aspettative e convinzioni sgg,0,0,2
ma leggo cose allucinanti giucas poco non menava nathalie questa √® violenza sulle donne lucrezia voleva mandar via dalla camera perch√® fa paura scommetto siete stessi dicono soleil porta sfiga vi dovete far curare gfvip,0,5,1
non sarei presidente tutti non sarei presidente ladri e corrotti non sarei presidente della gue,27,0,1
ieri sera ha fatto pi√π schifo √® stato signorini non prendere posizione giucas grandi parolone sempr,1,0,2
ieri sera ha fatto pi√π schifo √® stato signorini non prendere posizione giucas grandi parolone sempre contro violenza sulle donne capisci caro alfonso violenza verbale √® l anticamera della violenza fisica tutti strati sociali gfvip,1,12,2
d√† stessi vibes degli uomini mettono mezzo agli abusi si parla violenza sulle donne,0,1,1
avete strumentalizzato razzismo contro soleil ma non vi permetto nel pi√π assoluto dei modi strumentalizzare,1,0,1
avete strumentalizzato razzismo contro soleil ma non vi permetto nel pi√π assoluto dei modi strumentalizzare violenza sulle donne avete rotto coglioni gfvip,1,12,0
indignata come √® stata trattata nataly parliamo violenza sulle donne come si permette urlargli faccia quel modo e tutti consolare pazzesco se non riesce ad affrontare confronto vada casa gfvip,2,13,1
violenza sulle donne √® problema culturale e mentalit√† occorre lavorare insieme uomini e donne cambiare u,2,0,2
tutte donne stop violenza contro donne turchia √® uscita dalla convenzione istanbul del condanna violenza sulle donne motivazione convenzione minacciava l unit√† familiare incredibile keremb rsin handeer√ßel edser sen alkap m,0,6,0
non sarei presidente tutti non sarei presidente ladri e corrotti non sarei presidente della gue,27,0,1
tutte donne stop violenza contro donne turchia √® uscita dalla convenzione istanbul del condanna violenza sulle donne motivazione convenzione minacciava l unit√† familiare keremb rsin handeer√ßel edser sen alkap m,2,6,0
continua violenza sulle donne ieri sono state trombate due poche ore,0,3,1
non sarei presidente tutti non sarei presidente ladri e corrotti non sarei presidente della gue,27,0,1
non si present√≥ praticamente nessuno quando bonetti parl√≤ parlamento della violenza sulle donne e vogliono presidente donna complimenti,0,1,1
non sarei presidente tutti non sarei presidente ladri e corrotti non sarei presidente della gue,27,0,1
non sarei presidente tutti non sarei presidente ladri e corrotti non sarei presidente della guerra e dei licenziamenti della violenza sui poveri della violenza sulle donne sui minori,27,162,1
paesi pi√π felici del mondo sembrano essere anche quelli c √® pi√π violenza sulle donne,0,0,2
italiani amp italiane presidente della repubblica italiana deve essere donna sarebbe segnale paese italia paese donna non afganistata e forte richiamo fermare violenza sulle donne senza donne non esiste famiglia presidente repubblica donna,0,0,1
inaccettabile signorini abbia permesso uomo urlasse faccia ad donna interi minuti senza interromperlo messaggio √® passato violenza sulle donne viene normalizzata questi messaggi gfvip giucas nathy s,0,1,1
l opera parole parole parole realizzata elena mazzi combattere discriminazioni e violenza sulle donne conti,2,0,1
violenza sulle donne non ha confini e spesso ha chiavi casa stop violence on women,533,0,1
stop violenza sulle donne foto profilo bavaglio quasi quasi pu√≤ indossare burqa integrale e si pu√≤ immortalare foto profilo immemorabile come disaggio mentale tutti quelli hanno foto profilo mascherina,0,0,1
tanti proclama contro violenza sulle donne e sbraita minuti e carezza fine,2,0,1
sto gi√† vedendo persone mettere mezzo violenza sulle donne questa crisi nervi giucas dopo nathaly l ha,4,0,0
tanti proclama contro violenza sulle donne e sbraita minuti e carezza fine,2,0,1
leggo violenza sulle donne fatta giucass ma brocca si pu√≤ perdere se ti danno del falso ma siete nati e cresciuti tt nel mulino bianco violenza √® altra cosa e seria gfvip,0,4,1
comunque stasera puntata dir poco indecente basata prevalentemente sulla propaganda froci lesbiche e bisessuali e sulla violenza sulle donne giucas aggredisce verbalmente nataly puntata disgustosa gfvip,0,2,1
no violenza sulle donne,0,2,0
infatti non capisco si fa passare tutto anche violenza sulle donne,0,0,1
crea contenuti caricali vidoser e coinvolgi tua community ecco video realizzato giovanni papocchio occasi,1,0,1
soprattutto vi rendete conto cosa avete applaudito e lasciato passare risparmiateci foto instagram col rossetto ecc giorno della violenza sulle donne quando giustificate solo l et certe cose gfvip,0,1,1
roba dittatura sudamericana ha ragione dott ssa prossimo parla denunciare violenza sulle donne e mena,1,0,1
vergognoso giucas e anche signorini consola richiamarlo e parlano violenza sulle donne alfonso vergogna,0,0,0
sto gi√† vedendo persone mettere mezzo violenza sulle donne questa crisi nervi giucas dopo nathaly l ha,4,0,0
tanti proclama contro violenza sulle donne e sbraita minuti e carezza fine,2,12,1
sto gi√† vedendo persone mettere mezzo violenza sulle donne questa crisi nervi giucas dopo nathaly l ha pungolato e perculato accanendosi nomination anziano anni l altro difendete ha detto peggio merdate omofobe gfvip,4,38,0
gfvip alfonso signorini dovresti far chiedere scusa nataly giucas stato pessimo esempio sulla violenza sulle donne qualsiasi essa sia,1,4,1
commenti giucas sul fatto della violenza sulle donne gfvip,0,3,1
signorini sei coglione violenza sulle donne nn esiste esiste solo sugli anziani dovrebbero stare casa,0,1,0
rispetto donne vergogna jucas casella scene violenza sulle donne intollerabili fuori dalla casa gfvip,0,10,0
violenza sulle donne √® problema culturale e mentalit√† occorre lavorare insieme uomini e donne cambiare mentalit√† ancora troppo maschilista e patriarcale matildederrico sji,2,5,2
com √® storia della violenza sulle donne,0,0,1
oggi ho assistito scena bruttissima e mi continuo chiedere violenza sulle donne esiste ancora no violenza sulle donne,0,0,0
esattamente prossimo dice qualcosa sulla violenza sulle donne e sul fatto si debba denunciare facciamo vedere video paese merda,0,0,0
l opera parole parole parole realizzata elena mazzi combattere discriminazioni e violenza sulle donne continua contaminare citt√† oggi √® anche al palazzo dei e al liceo chierici swdjaw,2,4,1
guarda se dovessero essercene non importa si poteva dire maniera diversa oggi c √® troppa violenza sulle donne anche carattere verbale ciao,0,2,1
crea contenuti caricali vidoser e coinvolgi tua community ecco video realizzato giovanni papocchio occasione della campagna acquaesaponeforcharity contro violenza sulle donne,1,2,1
ma pu√≤ psicologa lavora nel campo della violenza genere dire violenza √® e non piace fare,4,0,2
roba dittatura sudamericana ha ragione dott ssa prossimo parla denunciare violenza sulle donne e menate varie va mandato cagare direttissima altra buona giornata nel draghistan suva,1,5,2
violenza verbale altroch√© si mettono scarpe rosse contro violenza sulle donne anche questa √® forma violenza,0,2,1
marta non mettermi parole bocca non ho detto ovviamente sono contro ogni forma violenza anche virtuale sulle donne si sta perdendo senso del tweet stiamo andando altra parte,0,2,0
tizio precedenti polizia si arrampica grondaia raggiungere balcone della sua ex chiss√† quali intenzioni e corriere anzich√© parlare stalker scrive si arrampica amore giornalisti avete rotto siete complici della violenza sulle donne,0,5,1
gennaio bambini sottratti anteprima della puntata crimini invisibili onda marted febbraio sdbtw save the date campagna contro violenza maschile sulle donne e violenza domestica crimininvisibili novembre donnexdiritti,0,2,0
comune chiavari completate zone relax lungo fiume entella tavoli picnic e panchine rosse no violenza sulle donne ansa,0,0,0
se gag televisiva stilezelig si d√† schiaffo calcio ai testicoli ad uomo tutti ridere √® satira √® divertente pr,3,0,2
mi ha fatto ricordare cliente del salone no vax pazza disse trovava ingiusta gente denunciava violenza sulle donne e non sui no vax,0,3,1
ma pu√≤ psicologa lavora nel campo della violenza genere dire violenza √® e non piace fare,4,0,2
donne non si toccano neanche fiore √® vecchio proverbio popolare nostre nonne ci dicevano spesso t,51,0,0
